algorithmName,distribution,inputSize,repeat,timeNs,targetIdx,foundIdx
LinearSearch,random,450,1,59700,337,337
LinearSearch,random,450,2,39200,337,337
LinearSearch,random,450,3,35400,337,337
LinearSearch,random,450,4,32800,337,337
BinarySearch,random,450,1,1486300,337,82
BinarySearch,random,450,2,282400,337,82
BinarySearch,random,450,3,208600,337,82
BinarySearch,random,450,4,265500,337,82
LinearSearch,random,900,1,63700,675,675
LinearSearch,random,900,2,68200,675,675
LinearSearch,random,900,3,86600,675,675
LinearSearch,random,900,4,66800,675,675
BinarySearch,random,900,1,600800,675,817
BinarySearch,random,900,2,522100,675,817
BinarySearch,random,900,3,546500,675,817
BinarySearch,random,900,4,612000,675,817
LinearSearch,random,1800,1,122100,1350,1350
LinearSearch,random,1800,2,188300,1350,1350
LinearSearch,random,1800,3,120800,1350,1350
LinearSearch,random,1800,4,808300,1350,1350
BinarySearch,random,1800,1,2640600,1350,306
BinarySearch,random,1800,2,2249300,1350,306
BinarySearch,random,1800,3,1747200,1350,306
BinarySearch,random,1800,4,1570300,1350,306
LinearSearch,random,3600,1,371400,2700,2700
LinearSearch,random,3600,2,269200,2700,2700
LinearSearch,random,3600,3,242700,2700,2700
LinearSearch,random,3600,4,296400,2700,2700
BinarySearch,random,3600,1,1038700,2700,2767
BinarySearch,random,3600,2,1581700,2700,2767
BinarySearch,random,3600,3,1052200,2700,2767
BinarySearch,random,3600,4,955900,2700,2767
LinearSearch,random,7200,1,543000,5400,5400
LinearSearch,random,7200,2,399500,5400,5400
LinearSearch,random,7200,3,93700,5400,5400
LinearSearch,random,7200,4,58800,5400,5400
BinarySearch,random,7200,1,8289100,5400,4841
BinarySearch,random,7200,2,6493200,5400,4841
BinarySearch,random,7200,3,5272400,5400,4841
BinarySearch,random,7200,4,4192000,5400,4841
LinearSearch,random,14400,1,143000,10800,10800
LinearSearch,random,14400,2,258000,10800,10800
LinearSearch,random,14400,3,169200,10800,10800
LinearSearch,random,14400,4,237200,10800,10800
BinarySearch,random,14400,1,27809300,10800,5263
BinarySearch,random,14400,2,29371400,10800,5263
BinarySearch,random,14400,3,16933000,10800,5263
BinarySearch,random,14400,4,22376800,10800,5263
LinearSearch,sorted,450,1,4800,337,337
LinearSearch,sorted,450,2,5100,337,337
LinearSearch,sorted,450,3,5000,337,337
LinearSearch,sorted,450,4,4300,337,337
BinarySearch,sorted,450,1,4600,337,337
BinarySearch,sorted,450,2,19100,337,337
BinarySearch,sorted,450,3,5500,337,337
BinarySearch,sorted,450,4,8700,337,337
LinearSearch,sorted,900,1,26600,675,675
LinearSearch,sorted,900,2,10000,675,675
LinearSearch,sorted,900,3,9600,675,675
LinearSearch,sorted,900,4,9100,675,675
BinarySearch,sorted,900,1,29400,675,675
BinarySearch,sorted,900,2,123400,675,675
BinarySearch,sorted,900,3,21100,675,675
BinarySearch,sorted,900,4,11100,675,675
LinearSearch,sorted,1800,1,800,1350,1350
LinearSearch,sorted,1800,2,1100,1350,1350
LinearSearch,sorted,1800,3,1000,1350,1350
LinearSearch,sorted,1800,4,900,1350,1350
BinarySearch,sorted,1800,1,12200,1350,1350
BinarySearch,sorted,1800,2,21100,1350,1350
BinarySearch,sorted,1800,3,27800,1350,1350
BinarySearch,sorted,1800,4,22800,1350,1350
LinearSearch,sorted,3600,1,2100,2700,2700
LinearSearch,sorted,3600,2,3300,2700,2700
LinearSearch,sorted,3600,3,2300,2700,2700
LinearSearch,sorted,3600,4,1600,2700,2700
BinarySearch,sorted,3600,1,45900,2700,2700
BinarySearch,sorted,3600,2,53600,2700,2700
BinarySearch,sorted,3600,3,44800,2700,2700
BinarySearch,sorted,3600,4,85900,2700,2700
LinearSearch,sorted,7200,1,21700,5400,5400
LinearSearch,sorted,7200,2,4700,5400,5400
LinearSearch,sorted,7200,3,3400,5400,5400
LinearSearch,sorted,7200,4,2600,5400,5400
BinarySearch,sorted,7200,1,45300,5400,5400
BinarySearch,sorted,7200,2,54000,5400,5400
BinarySearch,sorted,7200,3,49700,5400,5400
BinarySearch,sorted,7200,4,57300,5400,5400
LinearSearch,sorted,14400,1,9300,10800,10800
LinearSearch,sorted,14400,2,9900,10800,10800
LinearSearch,sorted,14400,3,8900,10800,10800
LinearSearch,sorted,14400,4,9600,10800,10800
BinarySearch,sorted,14400,1,150600,10800,10800
BinarySearch,sorted,14400,2,151800,10800,10800
BinarySearch,sorted,14400,3,101500,10800,10800
BinarySearch,sorted,14400,4,106800,10800,10800
LinearSearch,reversed,450,1,400,337,337
LinearSearch,reversed,450,2,700,337,337
LinearSearch,reversed,450,3,400,337,337
LinearSearch,reversed,450,4,400,337,337
BinarySearch,reversed,450,1,52300,337,112
BinarySearch,reversed,450,2,46000,337,112
BinarySearch,reversed,450,3,47700,337,112
BinarySearch,reversed,450,4,33800,337,112
LinearSearch,reversed,900,1,1000,675,675
LinearSearch,reversed,900,2,900,675,675
LinearSearch,reversed,900,3,600,675,675
LinearSearch,reversed,900,4,800,675,675
BinarySearch,reversed,900,1,143600,675,224
BinarySearch,reversed,900,2,150000,675,224
BinarySearch,reversed,900,3,135800,675,224
BinarySearch,reversed,900,4,118600,675,224
LinearSearch,reversed,1800,1,900,1350,1350
LinearSearch,reversed,1800,2,1500,1350,1350
LinearSearch,reversed,1800,3,800,1350,1350
LinearSearch,reversed,1800,4,800,1350,1350
BinarySearch,reversed,1800,1,825000,1350,449
BinarySearch,reversed,1800,2,494800,1350,449
BinarySearch,reversed,1800,3,446200,1350,449
BinarySearch,reversed,1800,4,439200,1350,449
LinearSearch,reversed,3600,1,1500,2700,2700
LinearSearch,reversed,3600,2,1500,2700,2700
LinearSearch,reversed,3600,3,2000,2700,2700
LinearSearch,reversed,3600,4,1600,2700,2700
BinarySearch,reversed,3600,1,1914100,2700,899
BinarySearch,reversed,3600,2,1843600,2700,899
BinarySearch,reversed,3600,3,1820300,2700,899
BinarySearch,reversed,3600,4,1735400,2700,899
LinearSearch,reversed,7200,1,2800,5400,5400
LinearSearch,reversed,7200,2,2700,5400,5400
LinearSearch,reversed,7200,3,2600,5400,5400
LinearSearch,reversed,7200,4,2500,5400,5400
BinarySearch,reversed,7200,1,6868700,5400,1799
BinarySearch,reversed,7200,2,6712400,5400,1799
BinarySearch,reversed,7200,3,6950600,5400,1799
BinarySearch,reversed,7200,4,6931900,5400,1799
LinearSearch,reversed,14400,1,10500,10800,10800
LinearSearch,reversed,14400,2,10800,10800,10800
LinearSearch,reversed,14400,3,10500,10800,10800
LinearSearch,reversed,14400,4,11300,10800,10800
BinarySearch,reversed,14400,1,93984100,10800,3599
BinarySearch,reversed,14400,2,89116500,10800,3599
BinarySearch,reversed,14400,3,70420500,10800,3599
BinarySearch,reversed,14400,4,83039200,10800,3599
LinearSearch,nearly_sorted,450,1,600,337,337
LinearSearch,nearly_sorted,450,2,700,337,337
LinearSearch,nearly_sorted,450,3,600,337,337
LinearSearch,nearly_sorted,450,4,600,337,337
BinarySearch,nearly_sorted,450,1,11900,337,337
BinarySearch,nearly_sorted,450,2,11000,337,337
BinarySearch,nearly_sorted,450,3,16500,337,337
BinarySearch,nearly_sorted,450,4,15000,337,337
LinearSearch,nearly_sorted,900,1,3800,675,675
LinearSearch,nearly_sorted,900,2,3200,675,675
LinearSearch,nearly_sorted,900,3,3600,675,675
LinearSearch,nearly_sorted,900,4,3300,675,675
BinarySearch,nearly_sorted,900,1,94400,675,675
BinarySearch,nearly_sorted,900,2,225900,675,675
BinarySearch,nearly_sorted,900,3,189800,675,675
BinarySearch,nearly_sorted,900,4,94000,675,675
LinearSearch,nearly_sorted,1800,1,5300,1350,1350
LinearSearch,nearly_sorted,1800,2,6200,1350,1350
LinearSearch,nearly_sorted,1800,3,5200,1350,1350
LinearSearch,nearly_sorted,1800,4,5300,1350,1350
BinarySearch,nearly_sorted,1800,1,119700,1350,1350
BinarySearch,nearly_sorted,1800,2,136300,1350,1350
BinarySearch,nearly_sorted,1800,3,95700,1350,1350
BinarySearch,nearly_sorted,1800,4,96100,1350,1350
LinearSearch,nearly_sorted,3600,1,2500,2700,2700
LinearSearch,nearly_sorted,3600,2,2400,2700,2700
LinearSearch,nearly_sorted,3600,3,2900,2700,2700
LinearSearch,nearly_sorted,3600,4,2400,2700,2700
BinarySearch,nearly_sorted,3600,1,584900,2700,2906
BinarySearch,nearly_sorted,3600,2,348800,2700,2906
BinarySearch,nearly_sorted,3600,3,350800,2700,2906
BinarySearch,nearly_sorted,3600,4,566900,2700,2906
LinearSearch,nearly_sorted,7200,1,4300,5400,5400
LinearSearch,nearly_sorted,7200,2,4000,5400,5400
LinearSearch,nearly_sorted,7200,3,4100,5400,5400
LinearSearch,nearly_sorted,7200,4,4000,5400,5400
BinarySearch,nearly_sorted,7200,1,3311800,5400,5400
BinarySearch,nearly_sorted,7200,2,3231800,5400,5400
BinarySearch,nearly_sorted,7200,3,3253300,5400,5400
BinarySearch,nearly_sorted,7200,4,3210200,5400,5400
LinearSearch,nearly_sorted,14400,1,21400,10800,10800
LinearSearch,nearly_sorted,14400,2,21000,10800,10800
LinearSearch,nearly_sorted,14400,3,20600,10800,10800
LinearSearch,nearly_sorted,14400,4,23000,10800,10800
BinarySearch,nearly_sorted,14400,1,7074800,10800,10800
BinarySearch,nearly_sorted,14400,2,4718700,10800,10800
BinarySearch,nearly_sorted,14400,3,5365500,10800,10800
BinarySearch,nearly_sorted,14400,4,4130100,10800,10800
