algorithmName,distribution,inputSize,repeats,avgTimeNs,avgTimeMs,memoryKb
LinearSearch,random,450,4,41775,0.042,0
BinarySearch,random,450,4,560700,0.561,0
LinearSearch,random,900,4,71325,0.071,0
BinarySearch,random,900,4,570350,0.570,0
LinearSearch,random,1800,4,309875,0.310,0
BinarySearch,random,1800,4,2051850,2.052,471
LinearSearch,random,3600,4,294925,0.295,0
BinarySearch,random,3600,4,1157125,1.157,471
LinearSearch,random,7200,4,273750,0.274,0
BinarySearch,random,7200,4,6061675,6.062,0
LinearSearch,random,14400,4,201850,0.202,0
BinarySearch,random,14400,4,24122625,24.123,552
LinearSearch,sorted,450,4,4800,0.005,0
BinarySearch,sorted,450,4,9475,0.009,0
LinearSearch,sorted,900,4,13825,0.014,0
BinarySearch,sorted,900,4,46250,0.046,0
LinearSearch,sorted,1800,4,950,0.001,0
BinarySearch,sorted,1800,4,20975,0.021,0
LinearSearch,sorted,3600,4,2325,0.002,0
BinarySearch,sorted,3600,4,57550,0.058,485
LinearSearch,sorted,7200,4,8100,0.008,0
BinarySearch,sorted,7200,4,51575,0.052,0
LinearSearch,sorted,14400,4,9425,0.009,512
BinarySearch,sorted,14400,4,127675,0.128,512
LinearSearch,reversed,450,4,475,0.000,0
BinarySearch,reversed,450,4,44950,0.045,0
LinearSearch,reversed,900,4,825,0.001,0
BinarySearch,reversed,900,4,137000,0.137,0
LinearSearch,reversed,1800,4,1000,0.001,0
BinarySearch,reversed,1800,4,551300,0.551,0
LinearSearch,reversed,3600,4,1650,0.002,0
BinarySearch,reversed,3600,4,1828350,1.828,512
LinearSearch,reversed,7200,4,2650,0.003,0
BinarySearch,reversed,7200,4,6865900,6.866,0
LinearSearch,reversed,14400,4,10775,0.011,512
BinarySearch,reversed,14400,4,84140075,84.140,512
LinearSearch,nearly_sorted,450,4,625,0.001,0
BinarySearch,nearly_sorted,450,4,13600,0.014,0
LinearSearch,nearly_sorted,900,4,3475,0.003,0
BinarySearch,nearly_sorted,900,4,151025,0.151,0
LinearSearch,nearly_sorted,1800,4,5500,0.006,0
BinarySearch,nearly_sorted,1800,4,111950,0.112,0
LinearSearch,nearly_sorted,3600,4,2550,0.003,0
BinarySearch,nearly_sorted,3600,4,462850,0.463,512
LinearSearch,nearly_sorted,7200,4,4100,0.004,0
BinarySearch,nearly_sorted,7200,4,3251775,3.252,0
LinearSearch,nearly_sorted,14400,4,21500,0.022,0
BinarySearch,nearly_sorted,14400,4,5322275,5.322,1024
