step,operation,result,front,rear,size,backingArray,fifoContents,note
0,initialise,queue created,0,4,0,[ --   --   --   --   -- ],(empty),"empty ring, rear parked one slot behind front"
1,enqueue(RSR001),accepted RSR001,0,0,1,[>RSR001<  --   --   --   -- ],RSR001,rear steps forward one slot
2,enqueue(RSR002),accepted RSR002,0,1,2,[>RSR001   RSR002<  --   --   -- ],RSR001 RSR002,rear steps forward one slot
3,enqueue(RSR003),accepted RSR003,0,2,3,[>RSR001   RSR002   RSR003<  --   -- ],RSR001 RSR002 RSR003,rear steps forward one slot
4,enqueue(RSR004),accepted RSR004,0,3,4,[>RSR001   RSR002   RSR003   RSR004<  -- ],RSR001 RSR002 RSR003 RSR004,rear steps forward one slot
5,enqueue(RSR005),accepted RSR005,0,4,5,[>RSR001   RSR002   RSR003   RSR004   RSR005<],RSR001 RSR002 RSR003 RSR004 RSR005,queue is now full
6,enqueue(RSR006),REJECTED RSR006 (overflow),0,4,5,[>RSR001   RSR002   RSR003   RSR004   RSR005<],RSR001 RSR002 RSR003 RSR004 RSR005,"rejected: no free slot, front and rear both hold still"
7,dequeue(),served RSR001,1,4,4,[ --  >RSR002   RSR003   RSR004   RSR005<],RSR002 RSR003 RSR004 RSR005,"front steps forward, slot 0 is now free"
8,dequeue(),served RSR002,2,4,3,[ --   --  >RSR003   RSR004   RSR005<],RSR003 RSR004 RSR005,"front steps forward, slot 1 is now free"
9,enqueue(RSR006),accepted RSR006,2,0,4,[ RSR006<  --  >RSR003   RSR004   RSR005 ],RSR003 RSR004 RSR005 RSR006,WRAP: rear moves from slot 4 to slot 0 and reuses it
10,enqueue(RSR007),accepted RSR007,2,1,5,[ RSR006   RSR007< >RSR003   RSR004   RSR005 ],RSR003 RSR004 RSR005 RSR006 RSR007,"rear continues into slot 1, queue is full again"
11,enqueue(RSR008),REJECTED RSR008 (overflow),2,1,5,[ RSR006   RSR007< >RSR003   RSR004   RSR005 ],RSR003 RSR004 RSR005 RSR006 RSR007,rejected: full again even though rear is behind front
12,dequeue(),served RSR003,3,1,4,[ RSR006   RSR007<  --  >RSR004   RSR005 ],RSR004 RSR005 RSR006 RSR007,front steps forward
13,dequeue(),served RSR004,4,1,3,[ RSR006   RSR007<  --   --  >RSR005 ],RSR005 RSR006 RSR007,front steps forward
14,dequeue(),served RSR005,0,1,2,[>RSR006   RSR007<  --   --   -- ],RSR006 RSR007,WRAP: front moves from slot 4 to slot 0
15,dequeue(),served RSR006,1,1,1,[ --  >RSR007<  --   --   -- ],RSR007,front steps forward
16,dequeue(),served RSR007,2,1,0,[ --   --   --   --   -- ],(empty),"last request served, queue is empty again"
17,dequeue(),REJECTED (underflow),2,1,0,[ --   --   --   --   -- ],(empty),"rejected: nothing to serve, indices hold still"
