algorithmName,distribution,inputSize,repeat,timeNs,comparisons,moves
SelectionSort,random,350,1,1512500,61075,1026
SelectionSort,random,350,2,1372700,61075,1026
SelectionSort,random,350,3,911800,61075,1026
SelectionSort,random,350,4,1114200,61075,1026
InsertionSort,random,350,1,2210900,32304,32297
InsertionSort,random,350,2,1153000,32304,32297
InsertionSort,random,350,3,372900,32304,32297
InsertionSort,random,350,4,364100,32304,32297
SelectionSort,random,700,1,1373100,244650,2070
SelectionSort,random,700,2,1385300,244650,2070
SelectionSort,random,700,3,1625900,244650,2070
SelectionSort,random,700,4,1585200,244650,2070
InsertionSort,random,700,1,2422700,124191,124191
InsertionSort,random,700,2,2425400,124191,124191
InsertionSort,random,700,3,2388400,124191,124191
InsertionSort,random,700,4,2626100,124191,124191
SelectionSort,random,1400,1,2915200,979300,4170
SelectionSort,random,1400,2,2295600,979300,4170
SelectionSort,random,1400,3,2795300,979300,4170
SelectionSort,random,1400,4,2686900,979300,4170
InsertionSort,random,1400,1,2203400,491506,491502
InsertionSort,random,1400,2,3078600,491506,491502
InsertionSort,random,1400,3,1853000,491506,491502
InsertionSort,random,1400,4,1725200,491506,491502
SelectionSort,random,2800,1,8296800,3918600,8361
SelectionSort,random,2800,2,9558300,3918600,8361
SelectionSort,random,2800,3,10252800,3918600,8361
SelectionSort,random,2800,4,8425200,3918600,8361
InsertionSort,random,2800,1,6359400,1995931,1995928
InsertionSort,random,2800,2,5174200,1995931,1995928
InsertionSort,random,2800,3,4411500,1995931,1995928
InsertionSort,random,2800,4,4198600,1995931,1995928
SelectionSort,random,5600,1,35855800,15677200,16770
SelectionSort,random,5600,2,36265100,15677200,16770
SelectionSort,random,5600,3,36727100,15677200,16770
SelectionSort,random,5600,4,41024800,15677200,16770
InsertionSort,random,5600,1,19942800,7905226,7905237
InsertionSort,random,5600,2,18321200,7905226,7905237
InsertionSort,random,5600,3,17978000,7905226,7905237
InsertionSort,random,5600,4,17563700,7905226,7905237
SelectionSort,random,11200,1,127284300,62714400,33567
SelectionSort,random,11200,2,126445400,62714400,33567
SelectionSort,random,11200,3,122847700,62714400,33567
SelectionSort,random,11200,4,124185800,62714400,33567
InsertionSort,random,11200,1,63761300,31382613,31382616
InsertionSort,random,11200,2,64209000,31382613,31382616
InsertionSort,random,11200,3,61600300,31382613,31382616
InsertionSort,random,11200,4,62212100,31382613,31382616
SelectionSort,sorted,350,1,183800,61075,0
SelectionSort,sorted,350,2,171200,61075,0
SelectionSort,sorted,350,3,181300,61075,0
SelectionSort,sorted,350,4,133200,61075,0
InsertionSort,sorted,350,1,2200,349,0
InsertionSort,sorted,350,2,2400,349,0
InsertionSort,sorted,350,3,2200,349,0
InsertionSort,sorted,350,4,2300,349,0
SelectionSort,sorted,700,1,842100,244650,0
SelectionSort,sorted,700,2,662500,244650,0
SelectionSort,sorted,700,3,711100,244650,0
SelectionSort,sorted,700,4,630200,244650,0
InsertionSort,sorted,700,1,4200,699,0
InsertionSort,sorted,700,2,4600,699,0
InsertionSort,sorted,700,3,4800,699,0
InsertionSort,sorted,700,4,4200,699,0
SelectionSort,sorted,1400,1,2378600,979300,0
SelectionSort,sorted,1400,2,1984900,979300,0
SelectionSort,sorted,1400,3,2308800,979300,0
SelectionSort,sorted,1400,4,1776200,979300,0
InsertionSort,sorted,1400,1,5100,1399,0
InsertionSort,sorted,1400,2,26400,1399,0
InsertionSort,sorted,1400,3,5000,1399,0
InsertionSort,sorted,1400,4,5000,1399,0
SelectionSort,sorted,2800,1,7837300,3918600,0
SelectionSort,sorted,2800,2,7737500,3918600,0
SelectionSort,sorted,2800,3,7111300,3918600,0
SelectionSort,sorted,2800,4,7002300,3918600,0
InsertionSort,sorted,2800,1,16700,2799,0
InsertionSort,sorted,2800,2,16200,2799,0
InsertionSort,sorted,2800,3,16500,2799,0
InsertionSort,sorted,2800,4,16500,2799,0
SelectionSort,sorted,5600,1,34098000,15677200,0
SelectionSort,sorted,5600,2,32008800,15677200,0
SelectionSort,sorted,5600,3,33266300,15677200,0
SelectionSort,sorted,5600,4,28819900,15677200,0
InsertionSort,sorted,5600,1,18800,5599,0
InsertionSort,sorted,5600,2,18800,5599,0
InsertionSort,sorted,5600,3,19000,5599,0
InsertionSort,sorted,5600,4,18800,5599,0
SelectionSort,sorted,11200,1,112448400,62714400,0
SelectionSort,sorted,11200,2,124087800,62714400,0
SelectionSort,sorted,11200,3,133956000,62714400,0
SelectionSort,sorted,11200,4,123482900,62714400,0
InsertionSort,sorted,11200,1,39700,11199,0
InsertionSort,sorted,11200,2,39700,11199,0
InsertionSort,sorted,11200,3,39800,11199,0
InsertionSort,sorted,11200,4,39700,11199,0
SelectionSort,reversed,350,1,129000,61075,525
SelectionSort,reversed,350,2,128700,61075,525
SelectionSort,reversed,350,3,159600,61075,525
SelectionSort,reversed,350,4,127700,61075,525
InsertionSort,reversed,350,1,151800,61075,61424
InsertionSort,reversed,350,2,243000,61075,61424
InsertionSort,reversed,350,3,162500,61075,61424
InsertionSort,reversed,350,4,160000,61075,61424
SelectionSort,reversed,700,1,488600,244650,1050
SelectionSort,reversed,700,2,488100,244650,1050
SelectionSort,reversed,700,3,527900,244650,1050
SelectionSort,reversed,700,4,487900,244650,1050
InsertionSort,reversed,700,1,442100,244650,245349
InsertionSort,reversed,700,2,470500,244650,245349
InsertionSort,reversed,700,3,463700,244650,245349
InsertionSort,reversed,700,4,478400,244650,245349
SelectionSort,reversed,1400,1,2362000,979300,2100
SelectionSort,reversed,1400,2,1970000,979300,2100
SelectionSort,reversed,1400,3,2163100,979300,2100
SelectionSort,reversed,1400,4,2003800,979300,2100
InsertionSort,reversed,1400,1,1820000,979300,980699
InsertionSort,reversed,1400,2,1994100,979300,980699
InsertionSort,reversed,1400,3,1863900,979300,980699
InsertionSort,reversed,1400,4,1822800,979300,980699
SelectionSort,reversed,2800,1,8143700,3918600,4200
SelectionSort,reversed,2800,2,8003400,3918600,4200
SelectionSort,reversed,2800,3,7961100,3918600,4200
SelectionSort,reversed,2800,4,8407300,3918600,4200
InsertionSort,reversed,2800,1,7707500,3918600,3921399
InsertionSort,reversed,2800,2,7314200,3918600,3921399
InsertionSort,reversed,2800,3,7763700,3918600,3921399
InsertionSort,reversed,2800,4,7207500,3918600,3921399
SelectionSort,reversed,5600,1,33514500,15677200,8400
SelectionSort,reversed,5600,2,38981200,15677200,8400
SelectionSort,reversed,5600,3,33465500,15677200,8400
SelectionSort,reversed,5600,4,33278800,15677200,8400
InsertionSort,reversed,5600,1,27910200,15677200,15682799
InsertionSort,reversed,5600,2,29662600,15677200,15682799
InsertionSort,reversed,5600,3,32274000,15677200,15682799
InsertionSort,reversed,5600,4,35576800,15677200,15682799
SelectionSort,reversed,11200,1,126283000,62714400,16800
SelectionSort,reversed,11200,2,275245000,62714400,16800
SelectionSort,reversed,11200,3,149661000,62714400,16800
SelectionSort,reversed,11200,4,132147100,62714400,16800
InsertionSort,reversed,11200,1,128979400,62714400,62725599
InsertionSort,reversed,11200,2,125833600,62714400,62725599
InsertionSort,reversed,11200,3,126653000,62714400,62725599
InsertionSort,reversed,11200,4,114123900,62714400,62725599
SelectionSort,nearly_sorted,350,1,103700,61075,42
SelectionSort,nearly_sorted,350,2,136500,61075,42
SelectionSort,nearly_sorted,350,3,112500,61075,42
SelectionSort,nearly_sorted,350,4,101900,61075,42
InsertionSort,nearly_sorted,350,1,7300,3451,3426
InsertionSort,nearly_sorted,350,2,6700,3451,3426
InsertionSort,nearly_sorted,350,3,6300,3451,3426
InsertionSort,nearly_sorted,350,4,6200,3451,3426
SelectionSort,nearly_sorted,700,1,390700,244650,84
SelectionSort,nearly_sorted,700,2,416600,244650,84
SelectionSort,nearly_sorted,700,3,390300,244650,84
SelectionSort,nearly_sorted,700,4,421500,244650,84
InsertionSort,nearly_sorted,700,1,26200,14887,14848
InsertionSort,nearly_sorted,700,2,25200,14887,14848
InsertionSort,nearly_sorted,700,3,24900,14887,14848
InsertionSort,nearly_sorted,700,4,54600,14887,14848
SelectionSort,nearly_sorted,1400,1,1657900,979300,168
SelectionSort,nearly_sorted,1400,2,1561000,979300,168
SelectionSort,nearly_sorted,1400,3,1607700,979300,168
SelectionSort,nearly_sorted,1400,4,1549100,979300,168
InsertionSort,nearly_sorted,1400,1,124100,53803,53795
InsertionSort,nearly_sorted,1400,2,90000,53803,53795
InsertionSort,nearly_sorted,1400,3,94700,53803,53795
InsertionSort,nearly_sorted,1400,4,103400,53803,53795
SelectionSort,nearly_sorted,2800,1,6580800,3918600,336
SelectionSort,nearly_sorted,2800,2,6396500,3918600,336
SelectionSort,nearly_sorted,2800,3,6468500,3918600,336
SelectionSort,nearly_sorted,2800,4,6476300,3918600,336
InsertionSort,nearly_sorted,2800,1,324000,196291,196286
InsertionSort,nearly_sorted,2800,2,447800,196291,196286
InsertionSort,nearly_sorted,2800,3,323500,196291,196286
InsertionSort,nearly_sorted,2800,4,318600,196291,196286
SelectionSort,nearly_sorted,5600,1,24833400,15677200,672
SelectionSort,nearly_sorted,5600,2,24108500,15677200,672
SelectionSort,nearly_sorted,5600,3,25178600,15677200,672
SelectionSort,nearly_sorted,5600,4,23858200,15677200,672
InsertionSort,nearly_sorted,5600,1,1263000,806827,806769
InsertionSort,nearly_sorted,5600,2,1282100,806827,806769
InsertionSort,nearly_sorted,5600,3,1332900,806827,806769
InsertionSort,nearly_sorted,5600,4,1358300,806827,806769
SelectionSort,nearly_sorted,11200,1,94066900,62714400,1344
SelectionSort,nearly_sorted,11200,2,97814900,62714400,1344
SelectionSort,nearly_sorted,11200,3,96365200,62714400,1344
SelectionSort,nearly_sorted,11200,4,101271900,62714400,1344
InsertionSort,nearly_sorted,11200,1,5676800,3076239,3076164
InsertionSort,nearly_sorted,11200,2,5115200,3076239,3076164
InsertionSort,nearly_sorted,11200,3,4864400,3076239,3076164
InsertionSort,nearly_sorted,11200,4,4980400,3076239,3076164
