request_id,source_location_id,destination_location_id,category,urgency,time_submitted,deadline,status
Q001,L002,L003,Medical,5,2026-07-01T08:15,2026-07-01T09:00,COMPLETED
Q002,L001,L002,Document,2,2026-07-01T08:20,2026-07-01T11:30,CANCELLED
Q003,L049,L012,Document,3,2026-07-01T08:30,2026-07-01T16:45,COMPLETED
Q004,L031,L024,IT Support,1,2026-07-01T08:30,2026-07-01T14:30,COMPLETED
Q005,L024,L007,Lab Equipment,4,2026-07-01T08:36,2026-07-01T11:41,COMPLETED
Q006,L043,L024,IT Support,3,2026-07-01T08:37,2026-07-01T12:52,COMPLETED
Q007,L002,L036,Document,2,2026-07-01T08:59,2026-07-01T19:49,COMPLETED
Q008,L046,L025,Cleaning,3,2026-07-01T09:02,2026-07-01T13:52,COMPLETED
Q009,L017,L001,Library,5,2026-07-01T09:17,2026-07-01T12:47,CANCELLED
Q010,L048,L010,Transport,3,2026-07-01T09:24,2026-07-01T11:19,COMPLETED
Q011,L020,L016,Maintenance,1,2026-07-01T09:27,2026-07-01T19:22,COMPLETED
Q012,L049,L010,Transport,4,2026-07-01T09:46,2026-07-01T10:51,COMPLETED
Q013,L015,L052,Transport,4,2026-07-01T11:05,2026-07-01T12:15,COMPLETED
Q014,L050,L013,Medical,4,2026-07-01T11:10,2026-07-01T11:55,CANCELLED
Q015,L052,L024,IT Support,2,2026-07-01T11:42,2026-07-01T16:12,COMPLETED
Q016,L021,L024,IT Support,3,2026-07-01T11:56,2026-07-01T15:46,COMPLETED
Q017,L039,L012,Maintenance,3,2026-07-01T12:11,2026-07-01T19:21,CANCELLED
Q018,L006,L036,Document,2,2026-07-01T12:50,2026-07-01T22:30,COMPLETED
Q019,L020,L024,IT Support,4,2026-07-01T13:36,2026-07-01T16:46,COMPLETED
Q020,L029,L024,IT Support,4,2026-07-01T14:11,2026-07-01T16:06,COMPLETED
Q021,L019,L012,Utility,3,2026-07-01T14:12,2026-07-01T16:22,CANCELLED
Q022,L017,L004,Lab Equipment,2,2026-07-01T14:28,2026-07-01T19:33,COMPLETED
Q023,L040,L046,Maintenance,4,2026-07-01T14:50,2026-07-01T18:50,COMPLETED
Q024,L002,L024,Lab Equipment,3,2026-07-01T14:57,2026-07-01T19:37,COMPLETED
Q025,L040,L012,Maintenance,2,2026-07-01T14:58,2026-07-01T22:08,COMPLETED
Q026,L030,L046,Document,2,2026-07-01T16:08,2026-07-02T04:03,COMPLETED
Q027,L026,L003,Medical,5,2026-07-01T16:08,2026-07-01T16:33,COMPLETED
Q028,L049,L003,Transport,2,2026-07-01T16:25,2026-07-01T19:20,COMPLETED
Q029,L010,L012,Utility,4,2026-07-01T18:04,2026-07-01T19:44,COMPLETED
Q030,L031,L013,Medical,5,2026-07-01T19:37,2026-07-01T19:57,COMPLETED
Q031,L049,L036,Utility,4,2026-07-01T19:39,2026-07-01T21:04,COMPLETED
Q032,L022,L016,Utility,4,2026-07-02T07:00,2026-07-02T08:45,COMPLETED
Q033,L008,L019,Catering,3,2026-07-02T07:00,2026-07-02T08:40,CANCELLED
Q034,L041,L046,Maintenance,3,2026-07-02T07:54,2026-07-02T14:19,COMPLETED
Q035,L042,L046,Document,1,2026-07-02T08:13,2026-07-02T20:38,COMPLETED
Q036,L049,L016,Utility,2,2026-07-02T09:06,2026-07-02T12:16,COMPLETED
Q037,L052,L003,Medical,4,2026-07-02T10:00,2026-07-02T10:50,COMPLETED
Q038,L018,L001,Library,1,2026-07-02T10:05,2026-07-02T20:20,CANCELLED
Q039,L030,L012,Maintenance,2,2026-07-02T10:46,2026-07-02T18:51,COMPLETED
Q040,L030,L018,Transport,5,2026-07-02T10:55,2026-07-02T11:45,COMPLETED
Q041,L015,L037,Transport,3,2026-07-02T11:11,2026-07-02T13:01,COMPLETED
Q042,L031,L024,IT Support,2,2026-07-02T11:40,2026-07-02T16:40,COMPLETED
Q043,L002,L004,Lab Equipment,2,2026-07-02T11:41,2026-07-02T18:21,COMPLETED
Q044,L009,L022,Catering,1,2026-07-02T11:42,2026-07-02T13:52,COMPLETED
Q045,L017,L001,Library,1,2026-07-02T11:48,2026-07-02T23:13,COMPLETED
Q046,L029,L001,Library,2,2026-07-02T11:53,2026-07-02T20:48,COMPLETED
Q047,L035,L036,Document,2,2026-07-02T12:42,2026-07-02T22:37,COMPLETED
Q048,L027,L005,Transport,1,2026-07-02T13:07,2026-07-02T16:07,COMPLETED
Q049,L007,L004,Lab Equipment,1,2026-07-02T13:45,2026-07-02T20:45,COMPLETED
Q050,L040,L046,Document,2,2026-07-02T14:07,2026-07-03T00:02,COMPLETED
Q051,L044,L012,Maintenance,2,2026-07-02T14:20,2026-07-02T22:10,COMPLETED
Q052,L020,L016,Maintenance,2,2026-07-02T14:35,2026-07-02T21:50,COMPLETED
Q053,L021,L046,Maintenance,2,2026-07-02T14:58,2026-07-03T00:18,COMPLETED
Q054,L018,L024,IT Support,4,2026-07-02T15:23,2026-07-02T18:33,COMPLETED
Q055,L038,L044,Catering,2,2026-07-02T15:40,2026-07-02T18:10,COMPLETED
Q056,L034,L012,Document,4,2026-07-02T16:15,2026-07-02T20:20,COMPLETED
Q057,L034,L016,Maintenance,3,2026-07-02T16:16,2026-07-02T21:41,COMPLETED
Q058,L038,L033,Catering,1,2026-07-02T16:38,2026-07-02T19:08,COMPLETED
Q059,L025,L024,IT Support,5,2026-07-02T16:43,2026-07-02T18:48,COMPLETED
Q060,L029,L024,IT Support,2,2026-07-02T17:33,2026-07-02T22:43,COMPLETED
Q061,L002,L010,Lab Equipment,3,2026-07-02T18:03,2026-07-02T21:58,COMPLETED
Q062,L032,L012,Document,1,2026-07-02T19:03,2026-07-03T06:28,COMPLETED
Q063,L049,L024,IT Support,4,2026-07-03T07:07,2026-07-03T09:07,COMPLETED
Q064,L040,L016,Utility,5,2026-07-03T07:40,2026-07-03T08:55,COMPLETED
Q065,L020,L024,IT Support,1,2026-07-03T07:57,2026-07-03T14:52,COMPLETED
Q066,L009,L010,Catering,3,2026-07-03T08:40,2026-07-03T10:20,COMPLETED
Q067,L022,L003,Medical,4,2026-07-03T08:42,2026-07-03T09:12,COMPLETED
Q068,L010,L004,Lab Equipment,2,2026-07-03T08:45,2026-07-03T15:15,COMPLETED
Q069,L037,L002,Catering,2,2026-07-03T09:12,2026-07-03T10:52,COMPLETED
Q070,L017,L002,Lab Equipment,1,2026-07-03T09:33,2026-07-03T16:33,COMPLETED
Q071,L002,L010,Lab Equipment,4,2026-07-03T09:38,2026-07-03T12:58,COMPLETED
Q072,L052,L046,Maintenance,4,2026-07-03T10:03,2026-07-03T13:08,CANCELLED
Q073,L033,L016,Document,1,2026-07-03T10:16,2026-07-03T23:51,COMPLETED
Q074,L003,L011,Transport,4,2026-07-03T10:17,2026-07-03T11:22,CANCELLED
Q075,L033,L024,IT Support,3,2026-07-03T10:58,2026-07-03T14:38,COMPLETED
Q076,L007,L024,IT Support,3,2026-07-03T11:00,2026-07-03T14:25,COMPLETED
Q077,L036,L025,Cleaning,1,2026-07-03T11:14,2026-07-03T19:49,COMPLETED
Q078,L004,L024,IT Support,3,2026-07-03T11:31,2026-07-03T15:56,COMPLETED
Q079,L026,L001,Library,4,2026-07-03T11:54,2026-07-03T16:39,COMPLETED
Q080,L015,L018,Transport,5,2026-07-03T12:59,2026-07-03T13:14,COMPLETED
Q081,L002,L001,Library,1,2026-07-03T13:40,2026-07-04T00:30,COMPLETED
Q082,L018,L001,Library,2,2026-07-03T13:56,2026-07-03T21:26,COMPLETED
Q083,L017,L012,Utility,5,2026-07-03T14:25,2026-07-03T15:05,CANCELLED
Q084,L037,L036,Security,5,2026-07-03T14:34,2026-07-03T14:54,CANCELLED
Q085,L008,L032,Catering,3,2026-07-03T14:58,2026-07-03T16:18,COMPLETED
Q086,L004,L036,Maintenance,3,2026-07-03T15:36,2026-07-03T20:16,COMPLETED
Q087,L005,L024,IT Support,5,2026-07-03T15:50,2026-07-03T16:35,COMPLETED
Q088,L038,L019,Transport,3,2026-07-03T16:09,2026-07-03T17:24,COMPLETED
Q089,L008,L041,Catering,5,2026-07-03T17:16,2026-07-03T17:51,COMPLETED
Q090,L035,L024,IT Support,2,2026-07-03T17:22,2026-07-03T22:47,COMPLETED
Q091,L049,L016,Maintenance,4,2026-07-03T18:10,2026-07-03T21:15,COMPLETED
Q092,L002,L024,Lab Equipment,3,2026-07-03T19:08,2026-07-03T23:38,COMPLETED
Q093,L037,L049,Catering,1,2026-07-03T19:49,2026-07-03T22:29,COMPLETED
Q094,L012,L015,Event Setup,3,2026-07-06T07:00,2026-07-06T15:20,COMPLETED
Q095,L040,L016,Maintenance,3,2026-07-06T07:00,2026-07-06T14:25,COMPLETED
Q096,L052,L016,Transport,2,2026-07-06T07:20,2026-07-06T09:45,COMPLETED
Q097,L009,L029,Catering,3,2026-07-06T07:51,2026-07-06T09:41,COMPLETED
Q098,L030,L036,Document,3,2026-07-06T07:57,2026-07-06T15:47,CANCELLED
Q099,L019,L016,Document,1,2026-07-06T08:23,2026-07-06T20:43,COMPLETED
Q100,L005,L010,Lab Equipment,3,2026-07-06T08:27,2026-07-06T13:12,COMPLETED
Q101,L022,L001,Library,1,2026-07-06T08:32,2026-07-06T19:22,COMPLETED
Q102,L010,L007,Lab Equipment,3,2026-07-06T08:34,2026-07-06T12:54,COMPLETED
Q103,L016,L046,Security,5,2026-07-06T08:35,2026-07-06T08:50,COMPLETED
Q104,L016,L051,Event Setup,1,2026-07-06T08:45,2026-07-06T19:45,COMPLETED
Q105,L025,L024,IT Support,2,2026-07-06T09:05,2026-07-06T13:55,COMPLETED
Q106,L042,L036,Utility,5,2026-07-06T09:56,2026-07-06T10:41,COMPLETED
Q107,L012,L008,Cleaning,2,2026-07-06T09:58,2026-07-06T15:48,COMPLETED
Q108,L016,L022,Cleaning,3,2026-07-06T10:33,2026-07-06T15:58,CANCELLED
Q109,L009,L033,Catering,3,2026-07-06T10:58,2026-07-06T12:08,CANCELLED
Q110,L046,L006,Cleaning,4,2026-07-06T11:33,2026-07-06T15:08,COMPLETED
Q111,L002,L013,Medical,3,2026-07-06T11:48,2026-07-06T12:33,COMPLETED
Q112,L010,L036,Maintenance,2,2026-07-06T12:07,2026-07-06T21:27,COMPLETED
Q113,L043,L012,Maintenance,2,2026-07-06T12:08,2026-07-06T19:03,CANCELLED
Q114,L052,L003,Medical,5,2026-07-06T12:30,2026-07-06T13:05,CANCELLED
Q115,L014,L020,Transport,2,2026-07-06T12:34,2026-07-06T15:19,COMPLETED
Q116,L044,L046,Document,1,2026-07-06T12:35,2026-07-07T00:40,COMPLETED
Q117,L021,L003,Medical,4,2026-07-06T14:35,2026-07-06T15:15,COMPLETED
Q118,L012,L006,Cleaning,2,2026-07-06T14:50,2026-07-06T20:55,COMPLETED
Q119,L023,L046,Security,4,2026-07-06T14:51,2026-07-06T15:26,COMPLETED
Q120,L012,L047,Event Setup,5,2026-07-06T16:44,2026-07-06T20:49,COMPLETED
Q121,L025,L046,Document,1,2026-07-06T17:42,2026-07-07T05:17,COMPLETED
Q122,L009,L002,Catering,1,2026-07-06T17:47,2026-07-06T20:02,COMPLETED
Q123,L007,L004,Lab Equipment,3,2026-07-06T18:02,2026-07-06T23:02,COMPLETED
Q124,L016,L047,Event Setup,3,2026-07-06T18:17,2026-07-07T02:47,COMPLETED
Q125,L009,L022,Catering,2,2026-07-07T07:00,2026-07-07T09:20,COMPLETED
Q126,L038,L019,Catering,3,2026-07-07T07:13,2026-07-07T08:43,COMPLETED
Q127,L052,L013,Medical,3,2026-07-07T08:15,2026-07-07T09:15,COMPLETED
Q128,L004,L005,Lab Equipment,2,2026-07-07T08:21,2026-07-07T12:51,COMPLETED
Q129,L007,L040,Transport,3,2026-07-07T08:36,2026-07-07T10:31,COMPLETED
Q130,L031,L003,Medical,5,2026-07-07T08:49,2026-07-07T09:14,COMPLETED
Q131,L044,L016,Utility,4,2026-07-07T09:06,2026-07-07T11:01,CANCELLED
Q132,L028,L001,Library,5,2026-07-07T09:19,2026-07-07T11:39,COMPLETED
Q133,L018,L036,Utility,3,2026-07-07T09:36,2026-07-07T12:11,COMPLETED
Q134,L028,L001,Library,3,2026-07-07T10:01,2026-07-07T18:11,CANCELLED
Q135,L007,L016,Document,2,2026-07-07T10:23,2026-07-07T19:13,COMPLETED
Q136,L019,L013,Medical,5,2026-07-07T10:29,2026-07-07T10:54,CANCELLED
Q137,L002,L017,Lab Equipment,4,2026-07-07T10:38,2026-07-07T14:03,COMPLETED
Q138,L001,L006,Transport,4,2026-07-07T11:26,2026-07-07T12:31,COMPLETED
Q139,L033,L036,Document,1,2026-07-07T11:46,2026-07-07T21:41,COMPLETED
Q140,L007,L004,Lab Equipment,1,2026-07-07T12:17,2026-07-07T18:57,COMPLETED
Q141,L026,L024,IT Support,4,2026-07-07T13:15,2026-07-07T15:50,COMPLETED
Q142,L050,L046,Maintenance,4,2026-07-07T13:45,2026-07-07T16:35,COMPLETED
Q143,L007,L024,IT Support,3,2026-07-07T13:54,2026-07-07T17:49,COMPLETED
Q144,L009,L028,Catering,3,2026-07-07T14:05,2026-07-07T15:40,COMPLETED
Q145,L030,L001,Library,1,2026-07-07T14:06,2026-07-08T01:41,COMPLETED
Q146,L043,L016,Utility,4,2026-07-07T14:12,2026-07-07T15:57,CANCELLED
Q147,L048,L046,Document,3,2026-07-07T14:14,2026-07-07T22:44,COMPLETED
Q148,L002,L005,Lab Equipment,1,2026-07-07T14:28,2026-07-07T20:33,COMPLETED
Q149,L008,L028,Catering,2,2026-07-07T14:31,2026-07-07T16:31,COMPLETED
Q150,L028,L003,Medical,5,2026-07-07T14:53,2026-07-07T15:18,COMPLETED
Q151,L012,L051,Event Setup,3,2026-07-07T15:36,2026-07-08T00:26,COMPLETED
Q152,L037,L005,Catering,2,2026-07-07T15:38,2026-07-07T17:38,COMPLETED
Q153,L006,L046,Security,3,2026-07-07T15:39,2026-07-07T16:34,COMPLETED
Q154,L009,L013,Transport,4,2026-07-07T16:52,2026-07-07T18:22,COMPLETED
Q155,L038,L041,Catering,2,2026-07-07T19:54,2026-07-07T22:04,COMPLETED
Q156,L002,L016,Utility,3,2026-07-08T08:02,2026-07-08T10:07,COMPLETED
Q157,L030,L001,Library,2,2026-07-08T09:33,2026-07-08T19:28,COMPLETED
Q158,L021,L012,Maintenance,3,2026-07-08T09:33,2026-07-08T16:58,COMPLETED
Q159,L043,L036,Document,1,2026-07-08T09:55,2026-07-08T20:40,COMPLETED
Q160,L032,L003,Medical,5,2026-07-08T10:19,2026-07-08T10:54,CANCELLED
Q161,L016,L034,Cleaning,2,2026-07-08T10:21,2026-07-08T17:41,COMPLETED
Q162,L009,L005,Catering,3,2026-07-08T10:49,2026-07-08T12:24,COMPLETED
Q163,L008,L031,Catering,2,2026-07-08T10:58,2026-07-08T12:33,COMPLETED
Q164,L041,L036,Maintenance,4,2026-07-08T11:18,2026-07-08T14:53,CANCELLED
Q165,L029,L036,Document,3,2026-07-08T11:25,2026-07-08T21:15,CANCELLED
Q166,L044,L016,Security,5,2026-07-08T11:36,2026-07-08T11:56,COMPLETED
Q167,L040,L046,Maintenance,5,2026-07-08T11:38,2026-07-08T11:48,COMPLETED
Q168,L028,L046,Document,2,2026-07-08T12:01,2026-07-08T22:11,COMPLETED
Q169,L026,L012,Maintenance,3,2026-07-08T12:04,2026-07-08T16:59,COMPLETED
Q170,L005,L001,Library,3,2026-07-08T12:17,2026-07-08T19:47,COMPLETED
Q171,L029,L024,IT Support,3,2026-07-08T12:20,2026-07-08T14:50,COMPLETED
Q172,L019,L001,Library,5,2026-07-08T12:38,2026-07-08T15:18,CANCELLED
Q173,L008,L050,Catering,1,2026-07-08T12:42,2026-07-08T15:12,COMPLETED
Q174,L031,L001,Library,1,2026-07-08T13:05,2026-07-09T00:00,COMPLETED
Q175,L052,L001,Library,3,2026-07-08T13:22,2026-07-08T19:17,COMPLETED
Q176,L033,L003,Medical,5,2026-07-08T13:30,2026-07-08T14:20,COMPLETED
Q177,L032,L001,Library,1,2026-07-08T13:51,2026-07-09T02:26,COMPLETED
Q178,L022,L001,Library,3,2026-07-08T14:15,2026-07-08T20:25,COMPLETED
Q179,L038,L027,Catering,2,2026-07-08T14:51,2026-07-08T16:31,COMPLETED
Q180,L038,L020,Catering,2,2026-07-08T15:02,2026-07-08T16:42,COMPLETED
Q181,L025,L012,Maintenance,3,2026-07-08T15:06,2026-07-08T21:06,COMPLETED
Q182,L008,L030,Catering,4,2026-07-08T15:10,2026-07-08T16:35,COMPLETED
Q183,L002,L012,Maintenance,3,2026-07-08T15:18,2026-07-08T20:33,COMPLETED
Q184,L050,L046,Maintenance,3,2026-07-08T15:32,2026-07-08T23:22,COMPLETED
Q185,L035,L046,Security,3,2026-07-08T15:42,2026-07-08T16:32,COMPLETED
Q186,L009,L017,Catering,2,2026-07-08T17:40,2026-07-08T19:25,COMPLETED
Q187,L023,L016,Maintenance,5,2026-07-09T07:00,2026-07-09T09:35,COMPLETED
Q188,L006,L001,Library,1,2026-07-09T07:00,2026-07-09T17:45,COMPLETED
Q189,L011,L016,Maintenance,2,2026-07-09T07:00,2026-07-09T15:30,COMPLETED
Q190,L029,L036,Document,3,2026-07-09T07:00,2026-07-09T13:55,COMPLETED
Q191,L048,L046,Maintenance,1,2026-07-09T07:29,2026-07-09T17:24,COMPLETED
Q192,L017,L003,Medical,5,2026-07-09T07:32,2026-07-09T07:57,COMPLETED
Q193,L036,L024,IT Support,2,2026-07-09T08:32,2026-07-09T13:22,COMPLETED
Q194,L026,L024,IT Support,3,2026-07-09T08:42,2026-07-09T10:57,COMPLETED
Q195,L017,L016,Document,4,2026-07-09T08:52,2026-07-09T15:52,COMPLETED
Q196,L033,L012,Security,4,2026-07-09T09:01,2026-07-09T09:26,COMPLETED
Q197,L039,L001,Library,2,2026-07-09T09:14,2026-07-09T17:14,CANCELLED
Q198,L043,L016,Utility,2,2026-07-09T09:48,2026-07-09T12:23,COMPLETED
Q199,L034,L046,Maintenance,2,2026-07-09T09:49,2026-07-09T18:24,COMPLETED
Q200,L036,L016,Security,5,2026-07-09T10:02,2026-07-09T10:27,COMPLETED
Q201,L034,L036,Document,3,2026-07-09T11:41,2026-07-09T19:41,COMPLETED
Q202,L026,L028,Transport,4,2026-07-09T12:07,2026-07-09T13:07,COMPLETED
Q203,L005,L001,Library,2,2026-07-09T12:31,2026-07-09T20:11,COMPLETED
Q204,L048,L046,Security,5,2026-07-09T13:02,2026-07-09T13:12,COMPLETED
Q205,L046,L009,Cleaning,3,2026-07-09T13:08,2026-07-09T18:08,COMPLETED
Q206,L033,L012,Document,1,2026-07-09T13:17,2026-07-10T00:27,COMPLETED
Q207,L052,L002,Transport,1,2026-07-09T13:36,2026-07-09T16:36,COMPLETED
Q208,L006,L024,IT Support,2,2026-07-09T13:43,2026-07-09T18:08,COMPLETED
Q209,L043,L036,Document,3,2026-07-09T13:43,2026-07-09T19:43,CANCELLED
Q210,L047,L019,Transport,3,2026-07-09T14:10,2026-07-09T15:40,CANCELLED
Q211,L007,L017,Lab Equipment,3,2026-07-09T14:26,2026-07-09T18:51,COMPLETED
Q212,L052,L016,Utility,4,2026-07-09T14:39,2026-07-09T15:34,COMPLETED
Q213,L017,L036,Maintenance,4,2026-07-09T15:50,2026-07-09T20:30,COMPLETED
Q214,L038,L005,Catering,2,2026-07-09T16:21,2026-07-09T18:31,COMPLETED
Q215,L044,L024,IT Support,3,2026-07-09T16:25,2026-07-09T19:20,CANCELLED
Q216,L010,L013,Medical,5,2026-07-09T16:30,2026-07-09T17:00,COMPLETED
Q217,L004,L016,Utility,4,2026-07-09T16:49,2026-07-09T18:19,COMPLETED
Q218,L043,L001,Library,1,2026-07-10T07:08,2026-07-10T16:53,COMPLETED
Q219,L052,L022,Transport,3,2026-07-10T07:38,2026-07-10T09:23,COMPLETED
Q220,L017,L002,Lab Equipment,4,2026-07-10T07:50,2026-07-10T11:10,COMPLETED
Q221,L017,L036,Utility,4,2026-07-10T08:32,2026-07-10T09:52,COMPLETED
Q222,L029,L016,Document,2,2026-07-10T08:43,2026-07-10T19:23,COMPLETED
Q223,L038,L049,Catering,3,2026-07-10T08:51,2026-07-10T10:16,CANCELLED
Q224,L030,L036,Maintenance,4,2026-07-10T09:06,2026-07-10T13:11,COMPLETED
Q225,L032,L001,Library,4,2026-07-10T09:30,2026-07-10T13:50,CANCELLED
Q226,L038,L044,Catering,1,2026-07-10T10:31,2026-07-10T12:41,COMPLETED
Q227,L009,L013,Transport,5,2026-07-10T10:40,2026-07-10T11:00,CANCELLED
Q228,L038,L026,Catering,2,2026-07-10T11:01,2026-07-10T12:21,COMPLETED
Q229,L009,L039,Catering,1,2026-07-10T11:21,2026-07-10T13:36,COMPLETED
Q230,L006,L013,Medical,3,2026-07-10T11:46,2026-07-10T12:56,CANCELLED
Q231,L046,L023,Event Setup,2,2026-07-10T12:21,2026-07-10T21:01,COMPLETED
Q232,L001,L024,IT Support,3,2026-07-10T12:31,2026-07-10T17:16,COMPLETED
Q233,L042,L001,Library,1,2026-07-10T12:41,2026-07-10T23:31,COMPLETED
Q234,L025,L036,Maintenance,2,2026-07-10T12:47,2026-07-10T21:07,COMPLETED
Q235,L029,L046,Maintenance,4,2026-07-10T12:59,2026-07-10T16:44,COMPLETED
Q236,L027,L036,Document,2,2026-07-10T13:29,2026-07-11T01:19,COMPLETED
Q237,L023,L022,Transport,3,2026-07-10T14:21,2026-07-10T16:11,COMPLETED
Q238,L033,L036,Document,1,2026-07-10T15:04,2026-07-11T01:29,COMPLETED
Q239,L007,L016,Maintenance,3,2026-07-10T16:18,2026-07-10T22:23,COMPLETED
Q240,L005,L024,IT Support,3,2026-07-10T16:19,2026-07-10T20:09,COMPLETED
Q241,L027,L016,Utility,4,2026-07-10T17:00,2026-07-10T18:10,COMPLETED
Q242,L038,L004,Catering,2,2026-07-10T17:01,2026-07-10T18:51,COMPLETED
Q243,L009,L017,Transport,3,2026-07-10T17:01,2026-07-10T18:56,COMPLETED
Q244,L034,L013,Medical,5,2026-07-10T17:08,2026-07-10T17:38,COMPLETED
Q245,L020,L028,Transport,2,2026-07-10T17:25,2026-07-10T20:10,COMPLETED
Q246,L020,L012,Utility,4,2026-07-10T17:27,2026-07-10T19:47,COMPLETED
Q247,L050,L012,Document,1,2026-07-10T17:27,2026-07-11T05:22,COMPLETED
Q248,L040,L003,Medical,5,2026-07-10T19:54,2026-07-10T20:19,COMPLETED
Q249,L018,L046,Utility,5,2026-07-13T07:00,2026-07-13T07:40,ASSIGNED
Q250,L033,L036,Maintenance,4,2026-07-13T07:00,2026-07-13T11:10,COMPLETED
Q251,L046,L023,Event Setup,5,2026-07-13T07:12,2026-07-13T11:12,COMPLETED
Q252,L038,L006,Catering,5,2026-07-13T07:38,2026-07-13T08:38,COMPLETED
Q253,L037,L022,Catering,2,2026-07-13T07:49,2026-07-13T09:49,COMPLETED
Q254,L007,L024,Lab Equipment,2,2026-07-13T08:02,2026-07-13T15:17,COMPLETED
Q255,L005,L046,Document,1,2026-07-13T08:12,2026-07-13T19:37,COMPLETED
Q256,L004,L012,Maintenance,4,2026-07-13T08:12,2026-07-13T12:02,COMPLETED
Q257,L035,L012,Maintenance,1,2026-07-13T08:41,2026-07-13T17:56,IN_PROGRESS
Q258,L046,L025,Cleaning,2,2026-07-13T10:21,2026-07-13T16:16,IN_PROGRESS
Q259,L007,L017,Lab Equipment,4,2026-07-13T11:00,2026-07-13T14:45,IN_PROGRESS
Q260,L036,L008,Cleaning,2,2026-07-13T11:29,2026-07-13T17:54,COMPLETED
Q261,L024,L010,Lab Equipment,3,2026-07-13T11:53,2026-07-13T16:23,COMPLETED
Q262,L034,L001,Library,4,2026-07-13T12:01,2026-07-13T17:26,COMPLETED
Q263,L039,L001,Library,2,2026-07-13T12:18,2026-07-13T21:18,COMPLETED
Q264,L017,L002,Lab Equipment,3,2026-07-13T12:24,2026-07-13T16:04,CANCELLED
Q265,L007,L046,Security,2,2026-07-13T12:52,2026-07-13T13:57,ASSIGNED
Q266,L018,L024,IT Support,3,2026-07-13T12:55,2026-07-13T16:50,COMPLETED
Q267,L006,L016,Document,2,2026-07-13T12:58,2026-07-13T23:18,COMPLETED
Q268,L039,L012,Document,2,2026-07-13T13:14,2026-07-13T22:49,COMPLETED
Q269,L052,L046,Maintenance,2,2026-07-13T13:18,2026-07-13T21:03,COMPLETED
Q270,L023,L046,Security,4,2026-07-13T13:47,2026-07-13T14:17,IN_PROGRESS
Q271,L002,L024,Lab Equipment,3,2026-07-13T13:48,2026-07-13T18:48,CANCELLED
Q272,L020,L036,Document,3,2026-07-13T13:50,2026-07-13T21:50,COMPLETED
Q273,L031,L003,Medical,5,2026-07-13T14:10,2026-07-13T14:40,COMPLETED
Q274,L041,L012,Maintenance,5,2026-07-13T14:44,2026-07-13T16:29,IN_PROGRESS
Q275,L005,L003,Medical,5,2026-07-13T15:48,2026-07-13T16:18,IN_PROGRESS
Q276,L028,L036,Utility,5,2026-07-13T15:57,2026-07-13T16:42,ASSIGNED
Q277,L007,L024,Lab Equipment,3,2026-07-13T16:42,2026-07-13T20:07,IN_PROGRESS
Q278,L022,L024,IT Support,1,2026-07-13T18:26,2026-07-14T00:31,ASSIGNED
Q279,L052,L016,Utility,3,2026-07-13T18:40,2026-07-13T20:50,IN_PROGRESS
Q280,L040,L012,Document,2,2026-07-14T07:00,2026-07-14T17:05,ASSIGNED
Q281,L005,L010,Lab Equipment,2,2026-07-14T07:36,2026-07-14T13:16,COMPLETED
Q282,L040,L046,Maintenance,2,2026-07-14T08:01,2026-07-14T15:31,IN_PROGRESS
Q283,L032,L013,Medical,4,2026-07-14T08:14,2026-07-14T08:44,IN_PROGRESS
Q284,L008,L026,Catering,5,2026-07-14T08:23,2026-07-14T08:58,IN_PROGRESS
Q285,L017,L016,Maintenance,4,2026-07-14T08:43,2026-07-14T12:03,COMPLETED
Q286,L033,L012,Document,1,2026-07-14T08:53,2026-07-14T20:23,COMPLETED
Q287,L024,L005,Lab Equipment,3,2026-07-14T09:28,2026-07-14T14:13,COMPLETED
Q288,L028,L024,IT Support,4,2026-07-14T10:01,2026-07-14T11:11,COMPLETED
Q289,L043,L036,Security,5,2026-07-14T10:39,2026-07-14T10:54,COMPLETED
Q290,L004,L036,Utility,3,2026-07-14T11:05,2026-07-14T13:10,COMPLETED
Q291,L017,L046,Utility,3,2026-07-14T11:05,2026-07-14T13:30,ASSIGNED
Q292,L002,L003,Medical,3,2026-07-14T11:19,2026-07-14T12:19,COMPLETED
Q293,L005,L016,Document,2,2026-07-14T11:22,2026-07-14T21:02,COMPLETED
Q294,L018,L012,Maintenance,3,2026-07-14T11:41,2026-07-14T18:16,IN_PROGRESS
Q295,L002,L007,Transport,2,2026-07-14T13:00,2026-07-14T15:55,IN_PROGRESS
Q296,L026,L046,Document,2,2026-07-14T13:24,2026-07-14T23:24,ASSIGNED
Q297,L048,L024,IT Support,2,2026-07-14T13:25,2026-07-14T18:10,NEW
Q298,L016,L035,Cleaning,2,2026-07-14T13:41,2026-07-14T20:06,IN_PROGRESS
Q299,L028,L036,Utility,3,2026-07-14T14:04,2026-07-14T16:09,COMPLETED
Q300,L012,L015,Event Setup,2,2026-07-14T14:18,2026-07-15T00:58,ASSIGNED
Q301,L018,L003,Medical,4,2026-07-14T14:24,2026-07-14T15:04,IN_PROGRESS
Q302,L039,L016,Document,3,2026-07-14T14:31,2026-07-14T23:06,IN_PROGRESS
Q303,L037,L005,Catering,4,2026-07-14T15:13,2026-07-14T16:28,NEW
Q304,L020,L036,Security,4,2026-07-14T16:02,2026-07-14T16:37,NEW
Q305,L030,L024,IT Support,3,2026-07-14T16:06,2026-07-14T19:06,NEW
Q306,L043,L001,Library,3,2026-07-14T16:49,2026-07-14T23:39,ASSIGNED
Q307,L023,L046,Maintenance,3,2026-07-14T18:07,2026-07-14T22:47,NEW
Q308,L003,L049,Transport,4,2026-07-14T18:55,2026-07-14T19:25,ASSIGNED
Q309,L022,L016,Document,4,2026-07-14T19:54,2026-07-15T01:14,NEW
requestId,source,destination,category,urgency,timeSubmitted,deadline,status
1,16,46,ILLEGAL_DUMP_CLEARANCE,MEDIUM,2026-06-08T05:05,2026-06-10T05:05,COMPLETED
2,5,46,HOUSEHOLD_WASTE,LOW,2026-06-08T05:56,2026-06-13T05:56,COMPLETED
3,32,49,ILLEGAL_DUMP_CLEARANCE,HIGH,2026-06-08T06:41,2026-06-08T18:41,COMPLETED
4,4,46,HOUSEHOLD_WASTE,MEDIUM,2026-06-08T07:24,2026-06-10T07:24,COMPLETED
5,45,48,HOUSEHOLD_WASTE,MEDIUM,2026-06-08T08:09,2026-06-10T08:09,COMPLETED
6,34,49,ILLEGAL_DUMP_CLEARANCE,LOW,2026-06-08T08:20,2026-06-13T08:20,COMPLETED
7,42,48,SKIP_OVERFLOW,HIGH,2026-06-08T08:41,2026-06-08T20:41,COMPLETED
8,39,50,DRAIN_CLEARING,MEDIUM,2026-06-08T09:06,2026-06-10T09:06,COMPLETED
9,27,49,PUBLIC_TOILET_SERVICE,MEDIUM,2026-06-08T12:45,2026-06-10T12:45,COMPLETED
10,40,47,SEPTIC_EMPTYING,MEDIUM,2026-06-08T13:33,2026-06-10T13:33,IN_PROGRESS
11,19,46,HOUSEHOLD_WASTE,MEDIUM,2026-06-08T15:03,2026-06-10T15:03,COMPLETED
12,20,46,HOUSEHOLD_WASTE,LOW,2026-06-08T15:29,2026-06-13T15:29,COMPLETED
13,40,47,HOUSEHOLD_WASTE,LOW,2026-06-08T15:58,2026-06-13T15:58,COMPLETED
14,22,46,SEPTIC_EMPTYING,LOW,2026-06-08T16:00,2026-06-13T16:00,COMPLETED
15,36,50,HOUSEHOLD_WASTE,LOW,2026-06-08T16:44,2026-06-13T16:44,COMPLETED
16,14,47,DRAIN_CLEARING,MEDIUM,2026-06-09T06:28,2026-06-11T06:28,COMPLETED
17,34,49,ILLEGAL_DUMP_CLEARANCE,MEDIUM,2026-06-09T06:38,2026-06-11T06:38,COMPLETED
18,30,49,ILLEGAL_DUMP_CLEARANCE,HIGH,2026-06-09T06:55,2026-06-09T18:55,COMPLETED
19,7,46,HOUSEHOLD_WASTE,MEDIUM,2026-06-09T07:44,2026-06-11T07:44,COMPLETED
20,19,46,HOUSEHOLD_WASTE,MEDIUM,2026-06-09T08:04,2026-06-11T08:04,COMPLETED
21,31,49,BULK_REFUSE,LOW,2026-06-09T08:50,2026-06-14T08:50,COMPLETED
22,35,49,ILLEGAL_DUMP_CLEARANCE,MEDIUM,2026-06-09T10:14,2026-06-11T10:14,COMPLETED
23,28,49,HOUSEHOLD_WASTE,LOW,2026-06-09T10:22,2026-06-14T10:22,IN_PROGRESS
24,16,46,MARKET_WASTE,MEDIUM,2026-06-09T11:15,2026-06-11T11:15,COMPLETED
25,11,47,DRAIN_CLEARING,MEDIUM,2026-06-09T11:37,2026-06-11T11:37,IN_PROGRESS
26,22,46,HOUSEHOLD_WASTE,LOW,2026-06-09T12:31,2026-06-14T12:31,COMPLETED
27,31,49,DRAIN_CLEARING,HIGH,2026-06-09T15:50,2026-06-10T03:50,COMPLETED
28,15,46,HOUSEHOLD_WASTE,MEDIUM,2026-06-09T16:39,2026-06-11T16:39,IN_PROGRESS
29,20,46,BULK_REFUSE,LOW,2026-06-09T17:57,2026-06-14T17:57,COMPLETED
30,32,49,ILLEGAL_DUMP_CLEARANCE,MEDIUM,2026-06-10T06:10,2026-06-12T06:10,IN_PROGRESS
31,1,47,BULK_REFUSE,LOW,2026-06-10T06:30,2026-06-15T06:30,COMPLETED
32,29,49,DRAIN_CLEARING,CRITICAL,2026-06-10T06:44,2026-06-10T10:44,COMPLETED
33,10,47,BULK_REFUSE,LOW,2026-06-10T06:59,2026-06-15T06:59,COMPLETED
34,11,47,SKIP_OVERFLOW,MEDIUM,2026-06-10T07:21,2026-06-12T07:21,COMPLETED
35,41,47,BULK_REFUSE,MEDIUM,2026-06-10T07:55,2026-06-12T07:55,COMPLETED
36,10,47,BULK_REFUSE,LOW,2026-06-10T08:08,2026-06-15T08:08,COMPLETED
37,14,47,HOUSEHOLD_WASTE,MEDIUM,2026-06-10T10:42,2026-06-12T10:42,COMPLETED
38,16,46,MARKET_WASTE,MEDIUM,2026-06-10T11:28,2026-06-12T11:28,COMPLETED
39,9,47,BULK_REFUSE,LOW,2026-06-10T14:46,2026-06-15T14:46,COMPLETED
40,19,46,DRAIN_CLEARING,MEDIUM,2026-06-10T15:03,2026-06-12T15:03,COMPLETED
41,13,47,SEPTIC_EMPTYING,MEDIUM,2026-06-10T15:30,2026-06-12T15:30,COMPLETED
42,25,49,HOUSEHOLD_WASTE,LOW,2026-06-10T15:32,2026-06-15T15:32,COMPLETED
43,40,47,SKIP_OVERFLOW,HIGH,2026-06-10T15:35,2026-06-11T03:35,COMPLETED
44,37,50,HOUSEHOLD_WASTE,LOW,2026-06-10T15:48,2026-06-15T15:48,COMPLETED
45,16,46,PUBLIC_TOILET_SERVICE,HIGH,2026-06-10T17:13,2026-06-11T05:13,IN_PROGRESS
46,29,49,STREET_SWEEPING,LOW,2026-06-10T17:43,2026-06-15T17:43,IN_PROGRESS
47,6,46,HOUSEHOLD_WASTE,LOW,2026-06-11T06:26,2026-06-16T06:26,COMPLETED
48,2,47,MARKET_WASTE,MEDIUM,2026-06-11T07:00,2026-06-13T07:00,COMPLETED
49,3,46,PUBLIC_TOILET_SERVICE,HIGH,2026-06-11T08:05,2026-06-11T20:05,COMPLETED
50,15,46,HOUSEHOLD_WASTE,LOW,2026-06-11T08:35,2026-06-16T08:35,COMPLETED
51,41,47,HOUSEHOLD_WASTE,MEDIUM,2026-06-11T08:37,2026-06-13T08:37,COMPLETED
52,28,49,HOUSEHOLD_WASTE,LOW,2026-06-11T09:27,2026-06-16T09:27,COMPLETED
53,12,47,SKIP_OVERFLOW,MEDIUM,2026-06-11T09:45,2026-06-13T09:45,COMPLETED
54,14,47,BULK_REFUSE,LOW,2026-06-11T14:29,2026-06-16T14:29,COMPLETED
55,43,48,SKIP_OVERFLOW,HIGH,2026-06-11T14:34,2026-06-12T02:34,COMPLETED
56,12,47,STREET_SWEEPING,LOW,2026-06-11T15:46,2026-06-16T15:46,COMPLETED
57,45,48,PUBLIC_TOILET_SERVICE,CRITICAL,2026-06-11T15:58,2026-06-11T19:58,COMPLETED
58,19,46,DRAIN_CLEARING,HIGH,2026-06-11T16:46,2026-06-12T04:46,COMPLETED
59,36,50,SEPTIC_EMPTYING,LOW,2026-06-11T16:52,2026-06-16T16:52,COMPLETED
60,40,47,SKIP_OVERFLOW,MEDIUM,2026-06-11T18:52,2026-06-13T18:52,COMPLETED
61,37,50,HOUSEHOLD_WASTE,LOW,2026-06-12T05:38,2026-06-17T05:38,COMPLETED
62,4,46,HOUSEHOLD_WASTE,LOW,2026-06-12T06:01,2026-06-17T06:01,COMPLETED
63,27,49,HOUSEHOLD_WASTE,MEDIUM,2026-06-12T07:06,2026-06-14T07:06,COMPLETED
64,33,49,ILLEGAL_DUMP_CLEARANCE,HIGH,2026-06-12T07:58,2026-06-12T19:58,COMPLETED
65,10,47,HOUSEHOLD_WASTE,MEDIUM,2026-06-12T08:53,2026-06-14T08:53,COMPLETED
66,12,47,BULK_REFUSE,MEDIUM,2026-06-12T09:12,2026-06-14T09:12,COMPLETED
67,35,49,HOUSEHOLD_WASTE,MEDIUM,2026-06-12T09:19,2026-06-14T09:19,COMPLETED
68,11,47,STREET_SWEEPING,LOW,2026-06-12T10:52,2026-06-17T10:52,COMPLETED
69,28,49,HOUSEHOLD_WASTE,MEDIUM,2026-06-12T14:14,2026-06-14T14:14,COMPLETED
70,15,46,SEPTIC_EMPTYING,MEDIUM,2026-06-12T14:22,2026-06-14T14:22,IN_PROGRESS
71,10,47,BULK_REFUSE,LOW,2026-06-12T15:55,2026-06-17T15:55,COMPLETED
72,32,49,SKIP_OVERFLOW,HIGH,2026-06-12T16:13,2026-06-13T04:13,COMPLETED
73,34,49,HOUSEHOLD_WASTE,MEDIUM,2026-06-12T17:09,2026-06-14T17:09,COMPLETED
74,18,46,ILLEGAL_DUMP_CLEARANCE,MEDIUM,2026-06-12T17:25,2026-06-14T17:25,COMPLETED
75,15,46,BULK_REFUSE,LOW,2026-06-13T05:56,2026-06-18T05:56,COMPLETED
76,32,49,HOUSEHOLD_WASTE,MEDIUM,2026-06-13T06:07,2026-06-15T06:07,COMPLETED
77,30,49,HOUSEHOLD_WASTE,MEDIUM,2026-06-13T06:24,2026-06-15T06:24,COMPLETED
78,3,46,SKIP_OVERFLOW,HIGH,2026-06-13T07:10,2026-06-13T19:10,IN_PROGRESS
79,39,50,BULK_REFUSE,MEDIUM,2026-06-13T07:26,2026-06-15T07:26,IN_PROGRESS
80,2,47,SKIP_OVERFLOW,CRITICAL,2026-06-13T07:38,2026-06-13T11:38,ASSIGNED
81,14,47,DRAIN_CLEARING,CRITICAL,2026-06-13T08:10,2026-06-13T12:10,COMPLETED
82,35,49,HOUSEHOLD_WASTE,MEDIUM,2026-06-13T09:07,2026-06-15T09:07,COMPLETED
83,18,46,HOUSEHOLD_WASTE,LOW,2026-06-13T09:19,2026-06-18T09:19,ASSIGNED
84,44,48,SEPTIC_EMPTYING,HIGH,2026-06-13T09:32,2026-06-13T21:32,COMPLETED
85,41,47,HOUSEHOLD_WASTE,MEDIUM,2026-06-13T10:06,2026-06-15T10:06,COMPLETED
86,12,47,MEDICAL_WASTE,CRITICAL,2026-06-13T10:51,2026-06-13T14:51,ASSIGNED
87,30,49,HOUSEHOLD_WASTE,LOW,2026-06-13T13:29,2026-06-18T13:29,IN_PROGRESS
88,32,49,SEPTIC_EMPTYING,HIGH,2026-06-13T17:06,2026-06-14T05:06,COMPLETED
89,29,49,STREET_SWEEPING,LOW,2026-06-13T17:15,2026-06-18T17:15,IN_PROGRESS
90,11,47,DRAIN_CLEARING,HIGH,2026-06-13T17:59,2026-06-14T05:59,IN_PROGRESS
91,37,50,SEPTIC_EMPTYING,LOW,2026-06-13T18:18,2026-06-18T18:18,IN_PROGRESS
92,16,46,MARKET_WASTE,HIGH,2026-06-14T06:13,2026-06-14T18:13,ASSIGNED
93,38,50,HOUSEHOLD_WASTE,MEDIUM,2026-06-14T07:18,2026-06-16T07:18,IN_PROGRESS
94,7,46,HOUSEHOLD_WASTE,MEDIUM,2026-06-14T07:39,2026-06-16T07:39,ASSIGNED
95,3,46,SKIP_OVERFLOW,MEDIUM,2026-06-14T08:07,2026-06-16T08:07,ASSIGNED
96,38,50,BULK_REFUSE,LOW,2026-06-14T08:09,2026-06-19T08:09,IN_PROGRESS
97,32,49,SEPTIC_EMPTYING,LOW,2026-06-14T08:37,2026-06-19T08:37,ASSIGNED
98,23,49,SEPTIC_EMPTYING,LOW,2026-06-14T10:03,2026-06-19T10:03,ASSIGNED
99,34,49,HOUSEHOLD_WASTE,LOW,2026-06-14T15:56,2026-06-19T15:56,PENDING
100,25,49,PUBLIC_TOILET_SERVICE,HIGH,2026-06-14T16:46,2026-06-15T04:46,PENDING
SR101,L032,L014,general_waste,URGENT,2026-08-01T07:00:00Z,2026-08-01T09:00:00Z,PENDING
SR102,L039,L027,recycling,HIGH,2026-08-01T08:00:00Z,2026-08-01T14:00:00Z,ASSIGNED
SR103,L046,L040,drain_cleaning,MEDIUM,2026-08-01T09:00:00Z,2026-08-02T09:00:00Z,IN_PROGRESS
SR104,L001,L002,sanitation,LOW,2026-08-01T10:00:00Z,2026-08-03T10:00:00Z,COMPLETED
SR105,L008,L014,hazardous_waste,URGENT,2026-08-01T11:00:00Z,2026-08-01T13:00:00Z,PENDING
SR106,L015,L027,general_waste,HIGH,2026-08-01T12:00:00Z,2026-08-01T18:00:00Z,ASSIGNED
SR107,L022,L040,recycling,MEDIUM,2026-08-01T13:00:00Z,2026-08-02T13:00:00Z,IN_PROGRESS
SR108,L029,L001,drain_cleaning,LOW,2026-08-01T14:00:00Z,2026-08-03T14:00:00Z,COMPLETED
SR109,L036,L014,sanitation,URGENT,2026-08-02T15:00:00Z,2026-08-02T17:00:00Z,PENDING
SR110,L043,L027,hazardous_waste,HIGH,2026-08-02T16:00:00Z,2026-08-02T22:00:00Z,ASSIGNED
SR111,L050,L040,general_waste,MEDIUM,2026-08-02T07:00:00Z,2026-08-03T07:00:00Z,IN_PROGRESS
SR112,L005,L001,recycling,LOW,2026-08-02T08:00:00Z,2026-08-04T08:00:00Z,COMPLETED
SR113,L012,L014,drain_cleaning,URGENT,2026-08-02T09:00:00Z,2026-08-02T11:00:00Z,PENDING
SR114,L019,L027,sanitation,HIGH,2026-08-02T10:00:00Z,2026-08-02T16:00:00Z,ASSIGNED
SR115,L026,L040,hazardous_waste,MEDIUM,2026-08-02T11:00:00Z,2026-08-03T11:00:00Z,IN_PROGRESS
SR116,L033,L001,general_waste,LOW,2026-08-02T12:00:00Z,2026-08-04T12:00:00Z,COMPLETED
SR117,L040,L014,recycling,URGENT,2026-08-03T13:00:00Z,2026-08-03T15:00:00Z,PENDING
SR118,L047,L027,drain_cleaning,HIGH,2026-08-03T14:00:00Z,2026-08-03T20:00:00Z,ASSIGNED
SR119,L002,L040,sanitation,MEDIUM,2026-08-03T15:00:00Z,2026-08-04T15:00:00Z,IN_PROGRESS
SR120,L009,L001,hazardous_waste,LOW,2026-08-03T16:00:00Z,2026-08-05T16:00:00Z,COMPLETED
SR121,L016,L014,general_waste,URGENT,2026-08-03T07:00:00Z,2026-08-03T09:00:00Z,PENDING
SR122,L023,L027,recycling,HIGH,2026-08-03T08:00:00Z,2026-08-03T14:00:00Z,ASSIGNED
SR123,L030,L040,drain_cleaning,MEDIUM,2026-08-03T09:00:00Z,2026-08-04T09:00:00Z,IN_PROGRESS
SR124,L037,L001,sanitation,LOW,2026-08-03T10:00:00Z,2026-08-05T10:00:00Z,COMPLETED
SR125,L044,L014,hazardous_waste,URGENT,2026-08-04T11:00:00Z,2026-08-04T13:00:00Z,PENDING
SR126,L051,L027,general_waste,HIGH,2026-08-04T12:00:00Z,2026-08-04T18:00:00Z,ASSIGNED
SR127,L006,L040,recycling,MEDIUM,2026-08-04T13:00:00Z,2026-08-05T13:00:00Z,IN_PROGRESS
SR128,L013,L001,drain_cleaning,LOW,2026-08-04T14:00:00Z,2026-08-06T14:00:00Z,COMPLETED
SR129,L020,L014,sanitation,URGENT,2026-08-04T15:00:00Z,2026-08-04T17:00:00Z,PENDING
SR130,L027,L028,hazardous_waste,HIGH,2026-08-04T16:00:00Z,2026-08-04T22:00:00Z,ASSIGNED
SR131,L034,L040,general_waste,MEDIUM,2026-08-04T07:00:00Z,2026-08-05T07:00:00Z,IN_PROGRESS
SR132,L041,L001,recycling,LOW,2026-08-04T08:00:00Z,2026-08-06T08:00:00Z,COMPLETED
SR133,L048,L014,drain_cleaning,URGENT,2026-08-05T09:00:00Z,2026-08-05T11:00:00Z,PENDING
SR134,L003,L027,sanitation,HIGH,2026-08-05T10:00:00Z,2026-08-05T16:00:00Z,ASSIGNED
SR135,L010,L040,hazardous_waste,MEDIUM,2026-08-05T11:00:00Z,2026-08-06T11:00:00Z,IN_PROGRESS
SR136,L017,L001,general_waste,LOW,2026-08-05T12:00:00Z,2026-08-07T12:00:00Z,COMPLETED
SR137,L024,L014,recycling,URGENT,2026-08-05T13:00:00Z,2026-08-05T15:00:00Z,PENDING
SR138,L031,L027,drain_cleaning,HIGH,2026-08-05T14:00:00Z,2026-08-05T20:00:00Z,ASSIGNED
SR139,L038,L040,sanitation,MEDIUM,2026-08-05T15:00:00Z,2026-08-06T15:00:00Z,IN_PROGRESS
SR140,L045,L001,hazardous_waste,LOW,2026-08-05T16:00:00Z,2026-08-07T16:00:00Z,COMPLETED
SR141,L052,L014,general_waste,URGENT,2026-08-06T07:00:00Z,2026-08-06T09:00:00Z,PENDING
SR142,L007,L027,recycling,HIGH,2026-08-06T08:00:00Z,2026-08-06T14:00:00Z,ASSIGNED
SR143,L014,L040,drain_cleaning,MEDIUM,2026-08-06T09:00:00Z,2026-08-07T09:00:00Z,IN_PROGRESS
SR144,L021,L001,sanitation,LOW,2026-08-06T10:00:00Z,2026-08-08T10:00:00Z,COMPLETED
SR145,L028,L014,hazardous_waste,URGENT,2026-08-06T11:00:00Z,2026-08-06T13:00:00Z,PENDING
SR146,L035,L027,general_waste,HIGH,2026-08-06T12:00:00Z,2026-08-06T18:00:00Z,ASSIGNED
SR147,L042,L040,recycling,MEDIUM,2026-08-06T13:00:00Z,2026-08-07T13:00:00Z,IN_PROGRESS
SR148,L049,L001,drain_cleaning,LOW,2026-08-06T14:00:00Z,2026-08-08T14:00:00Z,COMPLETED
SR149,L004,L014,sanitation,URGENT,2026-08-07T15:00:00Z,2026-08-07T17:00:00Z,PENDING
SR150,L011,L027,hazardous_waste,HIGH,2026-08-07T16:00:00Z,2026-08-07T22:00:00Z,ASSIGNED
SR151,L018,L040,general_waste,MEDIUM,2026-08-07T07:00:00Z,2026-08-08T07:00:00Z,IN_PROGRESS
SR152,L025,L001,recycling,LOW,2026-08-07T08:00:00Z,2026-08-09T08:00:00Z,COMPLETED
SR153,L032,L014,drain_cleaning,URGENT,2026-08-07T09:00:00Z,2026-08-07T11:00:00Z,PENDING
SR154,L039,L027,sanitation,HIGH,2026-08-07T10:00:00Z,2026-08-07T16:00:00Z,ASSIGNED
SR155,L046,L040,hazardous_waste,MEDIUM,2026-08-07T11:00:00Z,2026-08-08T11:00:00Z,IN_PROGRESS
SR156,L001,L002,general_waste,LOW,2026-08-07T12:00:00Z,2026-08-09T12:00:00Z,COMPLETED
SR157,L008,L014,recycling,URGENT,2026-08-08T13:00:00Z,2026-08-08T15:00:00Z,PENDING
SR158,L015,L027,drain_cleaning,HIGH,2026-08-08T14:00:00Z,2026-08-08T20:00:00Z,ASSIGNED
SR159,L022,L040,sanitation,MEDIUM,2026-08-08T15:00:00Z,2026-08-09T15:00:00Z,IN_PROGRESS
SR160,L029,L001,hazardous_waste,LOW,2026-08-08T16:00:00Z,2026-08-10T16:00:00Z,COMPLETED
SR161,L036,L014,general_waste,URGENT,2026-08-08T07:00:00Z,2026-08-08T09:00:00Z,PENDING
SR162,L043,L027,recycling,HIGH,2026-08-08T08:00:00Z,2026-08-08T14:00:00Z,ASSIGNED
SR163,L050,L040,drain_cleaning,MEDIUM,2026-08-08T09:00:00Z,2026-08-09T09:00:00Z,IN_PROGRESS
SR164,L005,L001,sanitation,LOW,2026-08-08T10:00:00Z,2026-08-10T10:00:00Z,COMPLETED
SR165,L012,L014,hazardous_waste,URGENT,2026-08-09T11:00:00Z,2026-08-09T13:00:00Z,PENDING
SR166,L019,L027,general_waste,HIGH,2026-08-09T12:00:00Z,2026-08-09T18:00:00Z,ASSIGNED
SR167,L026,L040,recycling,MEDIUM,2026-08-09T13:00:00Z,2026-08-10T13:00:00Z,IN_PROGRESS
SR168,L033,L001,drain_cleaning,LOW,2026-08-09T14:00:00Z,2026-08-11T14:00:00Z,COMPLETED
SR169,L040,L014,sanitation,URGENT,2026-08-09T15:00:00Z,2026-08-09T17:00:00Z,PENDING
SR170,L047,L027,hazardous_waste,HIGH,2026-08-09T16:00:00Z,2026-08-09T22:00:00Z,ASSIGNED
SR171,L002,L040,general_waste,MEDIUM,2026-08-09T07:00:00Z,2026-08-10T07:00:00Z,IN_PROGRESS
SR172,L009,L001,recycling,LOW,2026-08-09T08:00:00Z,2026-08-11T08:00:00Z,COMPLETED
SR173,L016,L014,drain_cleaning,URGENT,2026-08-10T09:00:00Z,2026-08-10T11:00:00Z,PENDING
SR174,L023,L027,sanitation,HIGH,2026-08-10T10:00:00Z,2026-08-10T16:00:00Z,ASSIGNED
SR175,L030,L040,hazardous_waste,MEDIUM,2026-08-10T11:00:00Z,2026-08-11T11:00:00Z,IN_PROGRESS
SR176,L037,L001,general_waste,LOW,2026-08-10T12:00:00Z,2026-08-12T12:00:00Z,COMPLETED
SR177,L044,L014,recycling,URGENT,2026-08-10T13:00:00Z,2026-08-10T15:00:00Z,PENDING
SR178,L051,L027,drain_cleaning,HIGH,2026-08-10T14:00:00Z,2026-08-10T20:00:00Z,ASSIGNED
SR179,L006,L040,sanitation,MEDIUM,2026-08-10T15:00:00Z,2026-08-11T15:00:00Z,IN_PROGRESS
SR180,L013,L001,hazardous_waste,LOW,2026-08-10T16:00:00Z,2026-08-12T16:00:00Z,COMPLETED
SR181,L020,L014,general_waste,URGENT,2026-08-11T07:00:00Z,2026-08-11T09:00:00Z,PENDING
SR182,L027,L028,recycling,HIGH,2026-08-11T08:00:00Z,2026-08-11T14:00:00Z,ASSIGNED
SR183,L034,L040,drain_cleaning,MEDIUM,2026-08-11T09:00:00Z,2026-08-12T09:00:00Z,IN_PROGRESS
SR184,L041,L001,sanitation,LOW,2026-08-11T10:00:00Z,2026-08-13T10:00:00Z,COMPLETED
SR185,L048,L014,hazardous_waste,URGENT,2026-08-11T11:00:00Z,2026-08-11T13:00:00Z,PENDING
SR186,L003,L027,general_waste,HIGH,2026-08-11T12:00:00Z,2026-08-11T18:00:00Z,ASSIGNED
SR187,L010,L040,recycling,MEDIUM,2026-08-11T13:00:00Z,2026-08-12T13:00:00Z,IN_PROGRESS
SR188,L017,L001,drain_cleaning,LOW,2026-08-11T14:00:00Z,2026-08-13T14:00:00Z,COMPLETED
SR189,L024,L014,sanitation,URGENT,2026-08-12T15:00:00Z,2026-08-12T17:00:00Z,PENDING
SR190,L031,L027,hazardous_waste,HIGH,2026-08-12T16:00:00Z,2026-08-12T22:00:00Z,ASSIGNED
SR191,L038,L040,general_waste,MEDIUM,2026-08-12T07:00:00Z,2026-08-13T07:00:00Z,IN_PROGRESS
SR192,L045,L001,recycling,LOW,2026-08-12T08:00:00Z,2026-08-14T08:00:00Z,COMPLETED
SR193,L052,L014,drain_cleaning,URGENT,2026-08-12T09:00:00Z,2026-08-12T11:00:00Z,PENDING
SR194,L007,L027,sanitation,HIGH,2026-08-12T10:00:00Z,2026-08-12T16:00:00Z,ASSIGNED
SR195,L014,L040,hazardous_waste,MEDIUM,2026-08-12T11:00:00Z,2026-08-13T11:00:00Z,IN_PROGRESS
SR196,L021,L001,general_waste,LOW,2026-08-12T12:00:00Z,2026-08-14T12:00:00Z,COMPLETED
SR197,L028,L014,recycling,URGENT,2026-08-13T13:00:00Z,2026-08-13T15:00:00Z,PENDING
SR198,L035,L027,drain_cleaning,HIGH,2026-08-13T14:00:00Z,2026-08-13T20:00:00Z,ASSIGNED
SR199,L042,L040,sanitation,MEDIUM,2026-08-13T15:00:00Z,2026-08-14T15:00:00Z,IN_PROGRESS
SR200,L049,L001,hazardous_waste,LOW,2026-08-13T16:00:00Z,2026-08-15T16:00:00Z,COMPLETED
